parameter,value
best_val_loss,0.0001580846316452759
units,105
activation,tanh
epochs,16
dropout_rate,0.33874006317859484
learning_rate,0.0007792297153882995
